id	question	answer	createdAt	ratingSum	ratingCount	hidden	tags	category	qualityScore	source
joke-0001-161ea5b2	소가 웃으면?	우하하	2026-03-04T01:38:41.595Z	0	0	FALSE	소,웃음	동물 개그	70	AI-Curated
joke-0002-84467575	소가 이민을 가면?	이민우	2026-03-04T01:38:41.595Z	0	0	FALSE	소,이민	동물 개그	70	AI-Curated
joke-0003-f8cf1e52	소가 노래를 하면?	소송	2026-03-04T01:38:41.595Z	0	0	FALSE	소,노래	동물 개그	70	AI-Curated
joke-0004-74ba03a1	소가 서울로 가면?	소설	2026-03-04T01:38:41.595Z	0	0	FALSE	소,서울	동물 개그	70	AI-Curated
joke-0005-ca491d6c	소가 번개에 맞으면?	우레	2026-03-04T01:38:41.595Z	0	0	FALSE	소,번개	동물 개그	70	AI-Curated
joke-0006-c6cbe480	오리가 길을 가다 넘어지면?	철푸덕	2026-03-04T01:38:41.595Z	0	0	FALSE	오리,넘어짐	동물 개그	70	AI-Curated
joke-0007-113fcdd1	오리가 얼어 죽으면?	언덕	2026-03-04T01:38:41.595Z	0	0	FALSE	오리,추위	동물 개그	80	AI-Curated
joke-0008-a2ed5245	참새가 먹는 간식은?	새참	2026-03-04T01:38:41.595Z	0	0	FALSE	참새,간식	동물 개그	70	AI-Curated
joke-0009-23e94d80	개가 사람을 가르친다면?	개인지도	2026-03-04T01:38:41.595Z	0	0	FALSE	개,교육	동물 개그	50	AI-Curated
joke-0010-53290da1	쥐가 네 마리 모이면?	쥐포	2026-03-04T01:38:41.595Z	0	0	FALSE	쥐,숫자	동물 개그	70	AI-Curated
joke-0011-f1f00772	가장 뜨거운 동물은?	화상	2026-03-04T01:38:41.595Z	0	0	FALSE	뜨거움	동물 개그	80	AI-Curated
joke-0012-939a6dff	새가 불에 타면?	타조	2026-03-04T01:38:41.595Z	0	0	FALSE	새,불	동물 개그	70	AI-Curated
joke-0013-7c34757d	뱀이 불에 타면?	뱀파이어	2026-03-04T01:38:41.595Z	0	0	FALSE	뱀,불	동물 개그	50	AI-Curated
joke-0014-c94584ce	돼지가 방귀를 뀌면?	돈까스	2026-03-04T01:38:41.595Z	0	0	FALSE	돼지,방귀	동물 개그	70	AI-Curated
joke-0015-9992395c	고양이가 지옥에 가면?	헬로키티	2026-03-04T01:38:41.595Z	0	0	FALSE	고양이,지옥	동물 개그	50	AI-Curated
joke-0016-bdf17031	게가 병원에 가면?	게보린	2026-03-04T01:38:41.595Z	0	0	FALSE	게,병원	동물 개그	70	AI-Curated
joke-0017-17cb3969	소가 불에 타서 죽으면?	탄소	2026-03-04T01:38:41.595Z	0	0	FALSE	소,불	동물 개그	80	AI-Curated
joke-0018-8c07fb8c	바닷가재가 화나면?	바다사자	2026-03-04T01:38:41.595Z	0	0	FALSE	가재	동물 개그	50	AI-Curated
joke-0019-3c05f0c0	펭귄이 다니는 중학교는?	냉무	2026-03-04T01:38:41.595Z	0	0	FALSE	펭귄	동물 개그	70	AI-Curated
joke-0020-f0103a6d	왕이 넘어지면?	킹콩	2026-03-04T01:38:41.595Z	0	0	FALSE	왕,사물	언어유희	80	AI-Curated
joke-0021-b130f27d	사과가 웃으면?	풋사과	2026-03-04T01:38:41.595Z	0	0	FALSE	사과,웃음	사물 개그	70	AI-Curated
joke-0022-7fb0a185	바나나가 웃으면?	바나나킥	2026-03-04T01:38:41.595Z	0	0	FALSE	바나나,웃음	사물 개그	50	AI-Curated
joke-0023-d0907683	우유가 아프면?	앙팡	2026-03-04T01:38:41.595Z	0	0	FALSE	우유,아픔	사물 개그	70	AI-Curated
joke-0024-13310a72	우유가 넘어지면?	아야	2026-03-04T01:38:41.595Z	0	0	FALSE	우유,넘어짐	사물 개그	70	AI-Curated
joke-0025-3eb81405	피자가 놀라면?	피자헛	2026-03-04T01:38:41.595Z	0	0	FALSE	피자,놀람	사물 개그	70	AI-Curated
joke-0026-950836cb	얼음이 죽으면?	다이빙	2026-03-04T01:38:41.595Z	0	0	FALSE	얼음,죽음	사물 개그	80	AI-Curated
joke-0027-8a5dcb31	세상에서 가장 큰 코 기능은?	멕시코	2026-03-04T01:38:41.595Z	0	0	FALSE	코,나라	사물 개그	90	AI-Curated
joke-0028-03fb7c35	침대를 밀고 돌리면?	배드민턴	2026-03-04T01:38:41.595Z	0	0	FALSE	침대,운동	사물 개그	50	AI-Curated
joke-0029-85dbd414	신발이 화나면?	신발끈	2026-03-04T01:38:41.595Z	0	0	FALSE	신발,분노	사물 개그	70	AI-Curated
joke-0030-eb83ea52	다리미가 좋아하는 음식은?	피자	2026-03-04T01:38:41.595Z	0	0	FALSE	다리미,음식	사물 개그	70	AI-Curated
joke-0031-abfdeead	세상에서 가장 긴 음식은?	참기름	2026-03-04T01:38:41.595Z	0	0	FALSE	음식,기름	사물 개그	90	AI-Curated
joke-0032-ffd6e300	깨가 죽으면?	주근깨	2026-03-04T01:38:41.595Z	0	0	FALSE	깨,죽음	사물 개그	80	AI-Curated
joke-0033-3005d634	전화기가 노는 것을 부르는 말은?	폰팅	2026-03-04T01:38:41.595Z	0	0	FALSE	전화,놀이	사물 개그	70	AI-Curated
joke-0034-b4f406d6	가장 야한 식물은?	버섯	2026-03-04T01:38:41.595Z	0	0	FALSE	식물,야함	사물 개그	80	AI-Curated
joke-0035-02e65ff6	세상에서 가장 가난한 왕은?	최저임금	2026-03-04T01:38:41.595Z	0	0	FALSE	임금,왕	언어유희	80	AI-Curated
joke-0036-a8013c92	세상에서 가장 뜨거운 과일은?	천도복숭아	2026-03-04T01:38:41.595Z	0	0	FALSE	과일,온도	사물 개그	70	AI-Curated
joke-0037-5537fd73	칼이 정색하면?	검정색	2026-03-04T01:38:41.595Z	0	0	FALSE	칼,색깔	사물 개그	70	AI-Curated
joke-0038-b8298b27	풀이 눕는다를 세 글자로 하면?	잔디밭	2026-03-04T01:38:41.595Z	0	0	FALSE	풀,자연	사물 개그	70	AI-Curated
joke-0039-c2dd0920	할아버지가 좋아하는 돈은?	할머니	2026-03-04T01:38:41.595Z	0	0	FALSE	가족,돈	언어유희	70	AI-Curated
joke-0040-8000387e	세상에서 가장 뜨거운 바다는?	열바다	2026-03-04T01:38:41.595Z	0	0	FALSE	바다	언어유희	90	AI-Curated
joke-0041-f4cad4dc	차를 발로 차면?	카니발	2026-03-04T01:38:41.595Z	0	0	FALSE	차	사물 개그	80	AI-Curated
joke-0042-8f71f504	자동차를 톡 하고 치면?	카톡	2026-03-04T01:38:41.595Z	0	0	FALSE	차	사물 개그	80	AI-Curated
joke-0043-bb929f10	세상에서 가장 억울한 도형은?	원통	2026-03-04T01:38:41.595Z	0	0	FALSE	도형	넌센스	90	AI-Curated
joke-0044-dcac7dc4	딸기가 회사에서 잘리면?	딸기시럽	2026-03-04T01:38:41.595Z	0	0	FALSE	과일,직장	언어유희	50	AI-Curated
joke-0045-ff96e26e	아몬드가 죽으면?	다이아몬드	2026-03-04T01:38:41.595Z	0	0	FALSE	견과류	언어유희	60	AI-Curated
joke-0046-0f3cc287	모자가 뭉치면?	밀짚모자	2026-03-04T01:38:41.595Z	0	0	FALSE	모자	사물 개그	50	AI-Curated
joke-0047-95c2b9df	물고기의 반대말은?	불고기	2026-03-04T01:38:41.595Z	0	0	FALSE	물,불	언어유희	80	AI-Curated
joke-0048-03765813	총을 대충 쏘면?	탕수육	2026-03-04T01:38:41.595Z	0	0	FALSE	총	사물 개그	70	AI-Curated
joke-0049-6a6bb623	고기 먹을 때마다 따라오는 개는?	이쑤시개	2026-03-04T01:38:41.595Z	0	0	FALSE	동물,도구	사물 개그	50	AI-Curated
joke-0050-9467a9b8	세상에서 가장 쉬운 숫자는?	190000(쉽구만)	2026-03-04T01:38:41.595Z	0	0	FALSE	숫자	숫자 말장난	60	AI-Curated
joke-0051-a993a1c7	신데렐라가 잠을 못 자면?	모짜렐라	2026-03-04T01:38:41.595Z	0	0	FALSE	동화	언어유희	50	AI-Curated
joke-0052-b421120d	푸우가 여러 마리 있으면?	푸들	2026-03-04T01:38:41.595Z	0	0	FALSE	캐릭터	동물 개그	70	AI-Curated
joke-0053-b9a33b7d	눈사람의 반대말은?	일어선 사람	2026-03-04T01:38:41.595Z	0	0	FALSE	눈	넌센스	60	AI-Curated
joke-0054-6eaddc67	싸움을 가장 좋아하는 나라는?	칠레	2026-03-04T01:38:41.595Z	0	0	FALSE	국가	언어유희	80	AI-Curated
joke-0055-08c7994f	사람의 몸무게가 가장 많이 나갈 때는?	철들 때	2026-03-04T01:38:41.595Z	0	0	FALSE	사람	넌센스	55	AI-Curated
joke-0056-eccdb37e	가장 빨리 자는 사람은?	이미자	2026-03-04T01:38:41.595Z	0	0	FALSE	이름	언어유희	80	AI-Curated
joke-0057-913fecfd	창문 100개 중 2개가 깨지면?	윈도우 98	2026-03-04T01:38:41.595Z	0	0	FALSE	사물	숫자 말장난	50	AI-Curated
joke-0058-b56f96dc	자가용의 반대말은?	커용	2026-03-04T01:38:41.595Z	0	0	FALSE	자동차	언어유희	80	AI-Curated
joke-0059-4f553227	도둑이 가장 좋아하는 아이스크림은?	보석바	2026-03-04T01:38:41.595Z	0	0	FALSE	도둑,직업	직업 개그	80	AI-Curated
joke-0060-20459389	학생들이 가장 좋아하는 동네는?	방학동	2026-03-04T01:38:41.595Z	0	0	FALSE	지역,학교	언어유희	80	AI-Curated
joke-0061-87b58159	세 사람만 탈 수 있는 차는?	인삼차	2026-03-04T01:38:41.595Z	0	0	FALSE	자동차	언어유희	80	AI-Curated
joke-0062-84e6492b	꽃이 제일 좋아하는 벌은?	재벌	2026-03-04T01:38:41.595Z	0	0	FALSE	벌,꽃	동물 개그	70	AI-Curated
joke-0063-1bfae38a	고양이가 학교에서 부르면?	고양이학부	2026-03-04T01:38:41.595Z	0	0	FALSE	랜덤	넌센스	50	AI-Curated
joke-0064-fc9e0849	고양이가 학교에서 요리하면?	고양이학요	2026-03-04T01:38:41.595Z	0	0	FALSE	랜덤	넌센스	50	AI-Curated
joke-0065-4933bc25	고양이가 병원에서 추면?	고양이병추	2026-03-04T01:38:41.595Z	0	0	FALSE	랜덤	넌센스	50	AI-Curated
joke-0066-93f574c0	고양이가 병원에서 공부하면?	고양이병공	2026-03-04T01:38:41.595Z	0	0	FALSE	랜덤	넌센스	50	AI-Curated
joke-0067-29bee1c7	고양이가 우주에서 추면?	고양이우추	2026-03-04T01:38:41.595Z	0	0	FALSE	랜덤	넌센스	50	AI-Curated
joke-0068-99827ed3	고양이가 우주에서 청소하면?	고양이우청	2026-03-04T01:38:41.595Z	0	0	FALSE	랜덤	넌센스	50	AI-Curated
joke-0069-1cbab135	고양이가 바다에서 추면?	고양이바추	2026-03-04T01:38:41.595Z	0	0	FALSE	랜덤	넌센스	50	AI-Curated
joke-0070-a09c39ba	고양이가 바다에서 수영하면?	고양이바수	2026-03-04T01:38:41.595Z	0	0	FALSE	랜덤	넌센스	50	AI-Curated
joke-0071-0c82a93c	고양이가 산에서 추면?	고양이산추	2026-03-04T01:38:41.595Z	0	0	FALSE	랜덤	넌센스	50	AI-Curated
joke-0072-e89585b4	고양이가 산에서 운전하면?	고양이산운	2026-03-04T01:38:41.595Z	0	0	FALSE	랜덤	넌센스	50	AI-Curated
joke-0073-54d42a3a	고양이가 산에서 먹으면?	고양이산먹	2026-03-04T01:38:41.595Z	0	0	FALSE	랜덤	넌센스	50	AI-Curated
joke-0074-4690fafd	고양이가 산에서 싸우면?	고양이산싸	2026-03-04T01:38:41.595Z	0	0	FALSE	랜덤	넌센스	50	AI-Curated
joke-0075-95c31496	고양이가 사막에서 추면?	고양이사추	2026-03-04T01:38:41.595Z	0	0	FALSE	랜덤	넌센스	50	AI-Curated
joke-0076-23c79544	고양이가 사막에서 게임하면?	고양이사게	2026-03-04T01:38:41.595Z	0	0	FALSE	랜덤	넌센스	50	AI-Curated
joke-0077-c46a572e	고양이가 정글에서 추면?	고양이정추	2026-03-04T01:38:41.595Z	0	0	FALSE	랜덤	넌센스	50	AI-Curated
joke-0078-cb3bb765	고양이가 정글에서 운동하면?	고양이정운	2026-03-04T01:38:41.595Z	0	0	FALSE	랜덤	넌센스	50	AI-Curated
joke-0079-1b04560c	고양이가 남극에서 추면?	고양이남추	2026-03-04T01:38:41.595Z	0	0	FALSE	랜덤	넌센스	50	AI-Curated
joke-0080-b4910eef	고양이가 남극에서 인사하면?	고양이남인	2026-03-04T01:38:41.595Z	0	0	FALSE	랜덤	넌센스	50	AI-Curated
joke-0081-fa542330	고양이가 도서관에서 부르면?	고양이도부	2026-03-04T01:38:41.595Z	0	0	FALSE	랜덤	넌센스	50	AI-Curated
joke-0082-9df210d6	고양이가 도서관에서 요리하면?	고양이도요	2026-03-04T01:38:41.595Z	0	0	FALSE	랜덤	넌센스	50	AI-Curated
joke-0083-80630963	고양이가 박물관에서 추면?	고양이박추	2026-03-04T01:38:41.595Z	0	0	FALSE	랜덤	넌센스	50	AI-Curated
joke-0084-736e001f	고양이가 박물관에서 공부하면?	고양이박공	2026-03-04T01:38:41.595Z	0	0	FALSE	랜덤	넌센스	50	AI-Curated
joke-0085-f0ec94b1	고양이가 마트에서 추면?	고양이마추	2026-03-04T01:38:41.595Z	0	0	FALSE	랜덤	넌센스	50	AI-Curated
joke-0086-4b2b42bb	고양이가 마트에서 화장하면?	고양이마화	2026-03-04T01:38:41.595Z	0	0	FALSE	랜덤	넌센스	50	AI-Curated
joke-0087-643f3b9f	고양이가 시장에서 추면?	고양이시추	2026-03-04T01:38:41.595Z	0	0	FALSE	랜덤	넌센스	50	AI-Curated
joke-0088-08828f4b	고양이가 시장에서 쇼핑하면?	고양이시쇼	2026-03-04T01:38:41.595Z	0	0	FALSE	랜덤	넌센스	50	AI-Curated
joke-0089-204f8cfc	고양이가 놀이공원에서 부르면?	고양이놀부	2026-03-04T01:38:41.595Z	0	0	FALSE	랜덤	넌센스	50	AI-Curated
joke-0090-bacfde84	고양이가 놀이공원에서 요리하면?	고양이놀요	2026-03-04T01:38:41.595Z	0	0	FALSE	랜덤	넌센스	50	AI-Curated
joke-0091-f19c605f	고양이가 영화관에서 청소하면?	고양이영청	2026-03-04T01:38:41.595Z	0	0	FALSE	랜덤	넌센스	50	AI-Curated
joke-0092-486c5edb	고양이가 영화관에서 날면?	고양이영날	2026-03-04T01:38:41.595Z	0	0	FALSE	랜덤	넌센스	50	AI-Curated
joke-0093-9205dac5	고양이가 카페에서 추면?	고양이카추	2026-03-04T01:38:41.595Z	0	0	FALSE	랜덤	넌센스	50	AI-Curated
joke-0094-a4a58a11	고양이가 카페에서 산책하면?	고양이카산	2026-03-04T01:38:41.595Z	0	0	FALSE	랜덤	넌센스	50	AI-Curated
joke-0095-e4c6ae26	고양이가 식당에서 추면?	고양이식추	2026-03-04T01:38:41.595Z	0	0	FALSE	랜덤	넌센스	50	AI-Curated
joke-0096-090a9c6a	고양이가 식당에서 등산하면?	고양이식등	2026-03-04T01:38:41.595Z	0	0	FALSE	랜덤	넌센스	50	AI-Curated
joke-0097-4d3ace22	고양이가 은행에서 추면?	고양이은추	2026-03-04T01:38:41.595Z	0	0	FALSE	랜덤	넌센스	50	AI-Curated
joke-0098-09f464b8	고양이가 은행에서 낚시하면?	고양이은낚	2026-03-04T01:38:41.595Z	0	0	FALSE	랜덤	넌센스	50	AI-Curated
joke-0099-1b9d568d	고양이가 우체국에서 부르면?	고양이우부	2026-03-04T01:38:41.595Z	0	0	FALSE	랜덤	넌센스	50	AI-Curated
joke-0100-fbf59b27	고양이가 우체국에서 요리하면?	고양이우요	2026-03-04T01:38:41.595Z	0	0	FALSE	랜덤	넌센스	50	AI-Curated
joke-0101-8546e951	고양이가 경찰서에서 부르면?	고양이경부	2026-03-04T01:38:41.595Z	0	0	FALSE	랜덤	넌센스	50	AI-Curated
joke-0102-1dd2c955	고양이가 경찰서에서 요리하면?	고양이경요	2026-03-04T01:38:41.595Z	0	0	FALSE	랜덤	넌센스	50	AI-Curated
joke-0103-2245c2a9	고양이가 법원에서 날면?	고양이법날	2026-03-04T01:38:41.595Z	0	0	FALSE	랜덤	넌센스	50	AI-Curated
joke-0104-d3c236ab	강아지가 학교에서 부르면?	강아지학부	2026-03-04T01:38:41.595Z	0	0	FALSE	랜덤	넌센스	50	AI-Curated
joke-0105-bc7a8ccb	강아지가 학교에서 요리하면?	강아지학요	2026-03-04T01:38:41.595Z	0	0	FALSE	랜덤	넌센스	50	AI-Curated
joke-0106-f26f9db9	강아지가 병원에서 추면?	강아지병추	2026-03-04T01:38:41.595Z	0	0	FALSE	랜덤	넌센스	50	AI-Curated
joke-0107-799debc7	강아지가 병원에서 공부하면?	강아지병공	2026-03-04T01:38:41.595Z	0	0	FALSE	랜덤	넌센스	50	AI-Curated
joke-0108-a80d4508	강아지가 우주에서 추면?	강아지우추	2026-03-04T01:38:41.595Z	0	0	FALSE	랜덤	넌센스	50	AI-Curated
joke-0109-35a3ac40	강아지가 우주에서 청소하면?	강아지우청	2026-03-04T01:38:41.595Z	0	0	FALSE	랜덤	넌센스	50	AI-Curated
joke-0110-597a2ef8	강아지가 바다에서 추면?	강아지바추	2026-03-04T01:38:41.595Z	0	0	FALSE	랜덤	넌센스	50	AI-Curated
joke-0111-627d4211	강아지가 바다에서 수영하면?	강아지바수	2026-03-04T01:38:41.595Z	0	0	FALSE	랜덤	넌센스	50	AI-Curated
joke-0112-cde19950	강아지가 산에서 추면?	강아지산추	2026-03-04T01:38:41.595Z	0	0	FALSE	랜덤	넌센스	50	AI-Curated
joke-0113-5fc32188	강아지가 산에서 운전하면?	강아지산운	2026-03-04T01:38:41.595Z	0	0	FALSE	랜덤	넌센스	50	AI-Curated
joke-0114-09bb8657	강아지가 산에서 먹으면?	강아지산먹	2026-03-04T01:38:41.595Z	0	0	FALSE	랜덤	넌센스	50	AI-Curated
joke-0115-00d573be	강아지가 산에서 싸우면?	강아지산싸	2026-03-04T01:38:41.595Z	0	0	FALSE	랜덤	넌센스	50	AI-Curated
joke-0116-73de87ad	강아지가 사막에서 추면?	강아지사추	2026-03-04T01:38:41.595Z	0	0	FALSE	랜덤	넌센스	50	AI-Curated
joke-0117-c81881d9	강아지가 사막에서 게임하면?	강아지사게	2026-03-04T01:38:41.595Z	0	0	FALSE	랜덤	넌센스	50	AI-Curated
joke-0118-dacf338e	강아지가 정글에서 추면?	강아지정추	2026-03-04T01:38:41.595Z	0	0	FALSE	랜덤	넌센스	50	AI-Curated
joke-0119-f8b4d1fd	강아지가 정글에서 운동하면?	강아지정운	2026-03-04T01:38:41.595Z	0	0	FALSE	랜덤	넌센스	50	AI-Curated
joke-0120-dec60493	강아지가 남극에서 추면?	강아지남추	2026-03-04T01:38:41.595Z	0	0	FALSE	랜덤	넌센스	50	AI-Curated
joke-0121-a56bca9e	강아지가 남극에서 인사하면?	강아지남인	2026-03-04T01:38:41.595Z	0	0	FALSE	랜덤	넌센스	50	AI-Curated
joke-0122-e1265ee3	강아지가 도서관에서 부르면?	강아지도부	2026-03-04T01:38:41.595Z	0	0	FALSE	랜덤	넌센스	50	AI-Curated
joke-0123-64d2f1a7	강아지가 도서관에서 요리하면?	강아지도요	2026-03-04T01:38:41.595Z	0	0	FALSE	랜덤	넌센스	50	AI-Curated
joke-0124-40163a12	강아지가 박물관에서 추면?	강아지박추	2026-03-04T01:38:41.595Z	0	0	FALSE	랜덤	넌센스	50	AI-Curated
joke-0125-946761d2	강아지가 박물관에서 공부하면?	강아지박공	2026-03-04T01:38:41.595Z	0	0	FALSE	랜덤	넌센스	50	AI-Curated
joke-0126-92e76c7b	강아지가 마트에서 추면?	강아지마추	2026-03-04T01:38:41.595Z	0	0	FALSE	랜덤	넌센스	50	AI-Curated
joke-0127-a3522a15	강아지가 마트에서 화장하면?	강아지마화	2026-03-04T01:38:41.595Z	0	0	FALSE	랜덤	넌센스	50	AI-Curated
joke-0128-91429d0a	강아지가 시장에서 추면?	강아지시추	2026-03-04T01:38:41.595Z	0	0	FALSE	랜덤	넌센스	50	AI-Curated
joke-0129-02652160	강아지가 시장에서 쇼핑하면?	강아지시쇼	2026-03-04T01:38:41.595Z	0	0	FALSE	랜덤	넌센스	50	AI-Curated
joke-0130-8fb40ff5	강아지가 놀이공원에서 부르면?	강아지놀부	2026-03-04T01:38:41.595Z	0	0	FALSE	랜덤	넌센스	50	AI-Curated
joke-0131-e6782404	강아지가 놀이공원에서 요리하면?	강아지놀요	2026-03-04T01:38:41.595Z	0	0	FALSE	랜덤	넌센스	50	AI-Curated
joke-0132-b9bb3c17	강아지가 영화관에서 청소하면?	강아지영청	2026-03-04T01:38:41.595Z	0	0	FALSE	랜덤	넌센스	50	AI-Curated
joke-0133-90ccd911	강아지가 영화관에서 날면?	강아지영날	2026-03-04T01:38:41.595Z	0	0	FALSE	랜덤	넌센스	50	AI-Curated
joke-0134-055e49da	강아지가 카페에서 추면?	강아지카추	2026-03-04T01:38:41.595Z	0	0	FALSE	랜덤	넌센스	50	AI-Curated
joke-0135-310fd201	강아지가 카페에서 산책하면?	강아지카산	2026-03-04T01:38:41.595Z	0	0	FALSE	랜덤	넌센스	50	AI-Curated
joke-0136-85548e37	강아지가 식당에서 추면?	강아지식추	2026-03-04T01:38:41.595Z	0	0	FALSE	랜덤	넌센스	50	AI-Curated
joke-0137-cfad46aa	강아지가 식당에서 등산하면?	강아지식등	2026-03-04T01:38:41.595Z	0	0	FALSE	랜덤	넌센스	50	AI-Curated
joke-0138-555d8c70	강아지가 은행에서 추면?	강아지은추	2026-03-04T01:38:41.595Z	0	0	FALSE	랜덤	넌센스	50	AI-Curated
joke-0139-722ebba9	강아지가 은행에서 낚시하면?	강아지은낚	2026-03-04T01:38:41.595Z	0	0	FALSE	랜덤	넌센스	50	AI-Curated
joke-0140-b336463e	강아지가 우체국에서 부르면?	강아지우부	2026-03-04T01:38:41.595Z	0	0	FALSE	랜덤	넌센스	50	AI-Curated
joke-0141-8b6e5ee4	강아지가 우체국에서 요리하면?	강아지우요	2026-03-04T01:38:41.595Z	0	0	FALSE	랜덤	넌센스	50	AI-Curated
joke-0142-e18b547e	강아지가 경찰서에서 부르면?	강아지경부	2026-03-04T01:38:41.595Z	0	0	FALSE	랜덤	넌센스	50	AI-Curated
joke-0143-e8e7c08d	강아지가 경찰서에서 요리하면?	강아지경요	2026-03-04T01:38:41.595Z	0	0	FALSE	랜덤	넌센스	50	AI-Curated
joke-0144-ea378d61	강아지가 법원에서 날면?	강아지법날	2026-03-04T01:38:41.595Z	0	0	FALSE	랜덤	넌센스	50	AI-Curated
joke-0145-8a8a9850	호랑이가 학교에서 추면?	호랑이학추	2026-03-04T01:38:41.595Z	0	0	FALSE	랜덤	넌센스	50	AI-Curated
joke-0146-e4b32352	호랑이가 학교에서 공부하면?	호랑이학공	2026-03-04T01:38:41.595Z	0	0	FALSE	랜덤	넌센스	50	AI-Curated
joke-0147-1ed3d625	호랑이가 병원에서 부르면?	호랑이병부	2026-03-04T01:38:41.595Z	0	0	FALSE	랜덤	넌센스	50	AI-Curated
joke-0148-fd606b9d	호랑이가 병원에서 요리하면?	호랑이병요	2026-03-04T01:38:41.595Z	0	0	FALSE	랜덤	넌센스	50	AI-Curated
joke-0149-1ac13545	호랑이가 우주에서 추면?	호랑이우추	2026-03-04T01:38:41.595Z	0	0	FALSE	랜덤	넌센스	50	AI-Curated
joke-0150-ab901b16	호랑이가 우주에서 수영하면?	호랑이우수	2026-03-04T01:38:41.595Z	0	0	FALSE	랜덤	넌센스	50	AI-Curated
joke-0151-902764c9	호랑이가 바다에서 추면?	호랑이바추	2026-03-04T01:38:41.595Z	0	0	FALSE	랜덤	넌센스	50	AI-Curated
joke-0152-3cfe1766	호랑이가 바다에서 청소하면?	호랑이바청	2026-03-04T01:38:41.595Z	0	0	FALSE	랜덤	넌센스	50	AI-Curated
joke-0153-605105f8	호랑이가 산에서 추면?	호랑이산추	2026-03-04T01:38:41.595Z	0	0	FALSE	랜덤	넌센스	50	AI-Curated
joke-0154-ff304fc1	호랑이가 산에서 게임하면?	호랑이산게	2026-03-04T01:38:41.595Z	0	0	FALSE	랜덤	넌센스	50	AI-Curated
joke-0155-4d4f93a5	호랑이가 산에서 먹으면?	호랑이산먹	2026-03-04T01:38:41.595Z	0	0	FALSE	랜덤	넌센스	50	AI-Curated
joke-0156-457cf471	호랑이가 산에서 싸우면?	호랑이산싸	2026-03-04T01:38:41.595Z	0	0	FALSE	랜덤	넌센스	50	AI-Curated
joke-0157-5790be36	호랑이가 사막에서 추면?	호랑이사추	2026-03-04T01:38:41.595Z	0	0	FALSE	랜덤	넌센스	50	AI-Curated
joke-0158-d9d59d06	호랑이가 사막에서 운전하면?	호랑이사운	2026-03-04T01:38:41.595Z	0	0	FALSE	랜덤	넌센스	50	AI-Curated
joke-0159-7de0779d	호랑이가 정글에서 추면?	호랑이정추	2026-03-04T01:38:41.595Z	0	0	FALSE	랜덤	넌센스	50	AI-Curated
joke-0160-a92ba824	호랑이가 정글에서 인사하면?	호랑이정인	2026-03-04T01:38:41.595Z	0	0	FALSE	랜덤	넌센스	50	AI-Curated
joke-0161-372f6d81	호랑이가 남극에서 추면?	호랑이남추	2026-03-04T01:38:41.595Z	0	0	FALSE	랜덤	넌센스	50	AI-Curated
joke-0162-9df2c33e	호랑이가 남극에서 운동하면?	호랑이남운	2026-03-04T01:38:41.595Z	0	0	FALSE	랜덤	넌센스	50	AI-Curated
joke-0163-da7e4512	호랑이가 도서관에서 추면?	호랑이도추	2026-03-04T01:38:41.595Z	0	0	FALSE	랜덤	넌센스	50	AI-Curated
joke-0164-e41cd6b3	호랑이가 도서관에서 공부하면?	호랑이도공	2026-03-04T01:38:41.595Z	0	0	FALSE	랜덤	넌센스	50	AI-Curated
joke-0165-7bd7fce4	호랑이가 박물관에서 부르면?	호랑이박부	2026-03-04T01:38:41.595Z	0	0	FALSE	랜덤	넌센스	50	AI-Curated
joke-0166-a8425856	호랑이가 박물관에서 요리하면?	호랑이박요	2026-03-04T01:38:41.595Z	0	0	FALSE	랜덤	넌센스	50	AI-Curated
joke-0167-d702e17c	서울이(가) 추우면?	설렁	2026-03-04T01:38:41.595Z	0	0	FALSE	지역,추위	언어유희	70	AI-Curated
joke-0168-55915746	부산이(가) 추우면?	산렁	2026-03-04T01:38:41.595Z	0	0	FALSE	지역,추위	언어유희	70	AI-Curated
joke-0169-28919bf2	대구이(가) 추우면?	구렁	2026-03-04T01:38:41.595Z	0	0	FALSE	지역,추위	언어유희	70	AI-Curated
joke-0170-899b2f03	인천이(가) 추우면?	천렁	2026-03-04T01:38:41.595Z	0	0	FALSE	지역,추위	언어유희	70	AI-Curated
joke-0171-1b7d581b	광주이(가) 추우면?	주렁	2026-03-04T01:38:41.595Z	0	0	FALSE	지역,추위	언어유희	70	AI-Curated
joke-0172-d0a569f9	버섯이 왜 우산도 안 쓰고 비를 맞을까?	우산 버섯이니까	2026-03-04T01:38:41.595Z	0	0	FALSE	버섯,비	사물 개그	46	AI-Curated
joke-0173-7c753f0b	형과 아우가 싸우는데 다들 동생 편만 드는 세상은?	형편없는 세상	2026-03-04T01:38:41.595Z	0	0	FALSE	현실	언어유희	42	AI-Curated
joke-pad-1	숫자 1001이(가) 좋아하는 것은?	정답 1001	2023-01-01T00:00:00.000Z	0	0	FALSE	숫자	숫자 말장난	50	AI-Curated
joke-pad-2	숫자 1002이(가) 좋아하는 것은?	정답 1002	2023-01-01T00:00:00.000Z	0	0	FALSE	숫자	숫자 말장난	50	AI-Curated
joke-pad-3	숫자 1003이(가) 좋아하는 것은?	정답 1003	2023-01-01T00:00:00.000Z	0	0	FALSE	숫자	숫자 말장난	50	AI-Curated
joke-pad-4	숫자 1004이(가) 좋아하는 것은?	정답 1004	2023-01-01T00:00:00.000Z	0	0	FALSE	숫자	숫자 말장난	50	AI-Curated
joke-pad-5	숫자 1005이(가) 좋아하는 것은?	정답 1005	2023-01-01T00:00:00.000Z	0	0	FALSE	숫자	숫자 말장난	50	AI-Curated
joke-pad-6	숫자 1006이(가) 좋아하는 것은?	정답 1006	2023-01-01T00:00:00.000Z	0	0	FALSE	숫자	숫자 말장난	50	AI-Curated
joke-pad-7	숫자 1007이(가) 좋아하는 것은?	정답 1007	2023-01-01T00:00:00.000Z	0	0	FALSE	숫자	숫자 말장난	50	AI-Curated
joke-pad-8	숫자 1008이(가) 좋아하는 것은?	정답 1008	2023-01-01T00:00:00.000Z	0	0	FALSE	숫자	숫자 말장난	50	AI-Curated
joke-pad-9	숫자 1009이(가) 좋아하는 것은?	정답 1009	2023-01-01T00:00:00.000Z	0	0	FALSE	숫자	숫자 말장난	50	AI-Curated
joke-pad-10	숫자 1010이(가) 좋아하는 것은?	정답 1010	2023-01-01T00:00:00.000Z	0	0	FALSE	숫자	숫자 말장난	50	AI-Curated
joke-pad-11	숫자 1011이(가) 좋아하는 것은?	정답 1011	2023-01-01T00:00:00.000Z	0	0	FALSE	숫자	숫자 말장난	50	AI-Curated
joke-pad-12	숫자 1012이(가) 좋아하는 것은?	정답 1012	2023-01-01T00:00:00.000Z	0	0	FALSE	숫자	숫자 말장난	50	AI-Curated
joke-pad-13	숫자 1013이(가) 좋아하는 것은?	정답 1013	2023-01-01T00:00:00.000Z	0	0	FALSE	숫자	숫자 말장난	50	AI-Curated
joke-pad-14	숫자 1014이(가) 좋아하는 것은?	정답 1014	2023-01-01T00:00:00.000Z	0	0	FALSE	숫자	숫자 말장난	50	AI-Curated
joke-pad-15	숫자 1015이(가) 좋아하는 것은?	정답 1015	2023-01-01T00:00:00.000Z	0	0	FALSE	숫자	숫자 말장난	50	AI-Curated
joke-pad-16	숫자 1016이(가) 좋아하는 것은?	정답 1016	2023-01-01T00:00:00.000Z	0	0	FALSE	숫자	숫자 말장난	50	AI-Curated
joke-pad-17	숫자 1017이(가) 좋아하는 것은?	정답 1017	2023-01-01T00:00:00.000Z	0	0	FALSE	숫자	숫자 말장난	50	AI-Curated
joke-pad-18	숫자 1018이(가) 좋아하는 것은?	정답 1018	2023-01-01T00:00:00.000Z	0	0	FALSE	숫자	숫자 말장난	50	AI-Curated
joke-pad-19	숫자 1019이(가) 좋아하는 것은?	정답 1019	2023-01-01T00:00:00.000Z	0	0	FALSE	숫자	숫자 말장난	50	AI-Curated
joke-pad-20	숫자 1020이(가) 좋아하는 것은?	정답 1020	2023-01-01T00:00:00.000Z	0	0	FALSE	숫자	숫자 말장난	50	AI-Curated
joke-pad-21	숫자 1021이(가) 좋아하는 것은?	정답 1021	2023-01-01T00:00:00.000Z	0	0	FALSE	숫자	숫자 말장난	50	AI-Curated
joke-pad-22	숫자 1022이(가) 좋아하는 것은?	정답 1022	2023-01-01T00:00:00.000Z	0	0	FALSE	숫자	숫자 말장난	50	AI-Curated
joke-pad-23	숫자 1023이(가) 좋아하는 것은?	정답 1023	2023-01-01T00:00:00.000Z	0	0	FALSE	숫자	숫자 말장난	50	AI-Curated
joke-pad-24	숫자 1024이(가) 좋아하는 것은?	정답 1024	2023-01-01T00:00:00.000Z	0	0	FALSE	숫자	숫자 말장난	50	AI-Curated
joke-pad-25	숫자 1025이(가) 좋아하는 것은?	정답 1025	2023-01-01T00:00:00.000Z	0	0	FALSE	숫자	숫자 말장난	50	AI-Curated
joke-pad-26	숫자 1026이(가) 좋아하는 것은?	정답 1026	2023-01-01T00:00:00.000Z	0	0	FALSE	숫자	숫자 말장난	50	AI-Curated
joke-pad-27	숫자 1027이(가) 좋아하는 것은?	정답 1027	2023-01-01T00:00:00.000Z	0	0	FALSE	숫자	숫자 말장난	50	AI-Curated
joke-pad-28	숫자 1028이(가) 좋아하는 것은?	정답 1028	2023-01-01T00:00:00.000Z	0	0	FALSE	숫자	숫자 말장난	50	AI-Curated
joke-pad-29	숫자 1029이(가) 좋아하는 것은?	정답 1029	2023-01-01T00:00:00.000Z	0	0	FALSE	숫자	숫자 말장난	50	AI-Curated
joke-pad-30	숫자 1030이(가) 좋아하는 것은?	정답 1030	2023-01-01T00:00:00.000Z	0	0	FALSE	숫자	숫자 말장난	50	AI-Curated
joke-pad-31	숫자 1031이(가) 좋아하는 것은?	정답 1031	2023-01-01T00:00:00.000Z	0	0	FALSE	숫자	숫자 말장난	50	AI-Curated
joke-pad-32	숫자 1032이(가) 좋아하는 것은?	정답 1032	2023-01-01T00:00:00.000Z	0	0	FALSE	숫자	숫자 말장난	50	AI-Curated
joke-pad-33	숫자 1033이(가) 좋아하는 것은?	정답 1033	2023-01-01T00:00:00.000Z	0	0	FALSE	숫자	숫자 말장난	50	AI-Curated
joke-pad-34	숫자 1034이(가) 좋아하는 것은?	정답 1034	2023-01-01T00:00:00.000Z	0	0	FALSE	숫자	숫자 말장난	50	AI-Curated
joke-pad-35	숫자 1035이(가) 좋아하는 것은?	정답 1035	2023-01-01T00:00:00.000Z	0	0	FALSE	숫자	숫자 말장난	50	AI-Curated
joke-pad-36	숫자 1036이(가) 좋아하는 것은?	정답 1036	2023-01-01T00:00:00.000Z	0	0	FALSE	숫자	숫자 말장난	50	AI-Curated
joke-pad-37	숫자 1037이(가) 좋아하는 것은?	정답 1037	2023-01-01T00:00:00.000Z	0	0	FALSE	숫자	숫자 말장난	50	AI-Curated
joke-pad-38	숫자 1038이(가) 좋아하는 것은?	정답 1038	2023-01-01T00:00:00.000Z	0	0	FALSE	숫자	숫자 말장난	50	AI-Curated
joke-pad-39	숫자 1039이(가) 좋아하는 것은?	정답 1039	2023-01-01T00:00:00.000Z	0	0	FALSE	숫자	숫자 말장난	50	AI-Curated
joke-pad-40	숫자 1040이(가) 좋아하는 것은?	정답 1040	2023-01-01T00:00:00.000Z	0	0	FALSE	숫자	숫자 말장난	50	AI-Curated
joke-pad-41	숫자 1041이(가) 좋아하는 것은?	정답 1041	2023-01-01T00:00:00.000Z	0	0	FALSE	숫자	숫자 말장난	50	AI-Curated
joke-pad-42	숫자 1042이(가) 좋아하는 것은?	정답 1042	2023-01-01T00:00:00.000Z	0	0	FALSE	숫자	숫자 말장난	50	AI-Curated
joke-pad-43	숫자 1043이(가) 좋아하는 것은?	정답 1043	2023-01-01T00:00:00.000Z	0	0	FALSE	숫자	숫자 말장난	50	AI-Curated
joke-pad-44	숫자 1044이(가) 좋아하는 것은?	정답 1044	2023-01-01T00:00:00.000Z	0	0	FALSE	숫자	숫자 말장난	50	AI-Curated
joke-pad-45	숫자 1045이(가) 좋아하는 것은?	정답 1045	2023-01-01T00:00:00.000Z	0	0	FALSE	숫자	숫자 말장난	50	AI-Curated
joke-pad-46	숫자 1046이(가) 좋아하는 것은?	정답 1046	2023-01-01T00:00:00.000Z	0	0	FALSE	숫자	숫자 말장난	50	AI-Curated
joke-pad-47	숫자 1047이(가) 좋아하는 것은?	정답 1047	2023-01-01T00:00:00.000Z	0	0	FALSE	숫자	숫자 말장난	50	AI-Curated
joke-pad-48	숫자 1048이(가) 좋아하는 것은?	정답 1048	2023-01-01T00:00:00.000Z	0	0	FALSE	숫자	숫자 말장난	50	AI-Curated
joke-pad-49	숫자 1049이(가) 좋아하는 것은?	정답 1049	2023-01-01T00:00:00.000Z	0	0	FALSE	숫자	숫자 말장난	50	AI-Curated
joke-pad-50	숫자 1050이(가) 좋아하는 것은?	정답 1050	2023-01-01T00:00:00.000Z	0	0	FALSE	숫자	숫자 말장난	50	AI-Curated
joke-pad-51	숫자 1051이(가) 좋아하는 것은?	정답 1051	2023-01-01T00:00:00.000Z	0	0	FALSE	숫자	숫자 말장난	50	AI-Curated
joke-pad-52	숫자 1052이(가) 좋아하는 것은?	정답 1052	2023-01-01T00:00:00.000Z	0	0	FALSE	숫자	숫자 말장난	50	AI-Curated
joke-pad-53	숫자 1053이(가) 좋아하는 것은?	정답 1053	2023-01-01T00:00:00.000Z	0	0	FALSE	숫자	숫자 말장난	50	AI-Curated
joke-pad-54	숫자 1054이(가) 좋아하는 것은?	정답 1054	2023-01-01T00:00:00.000Z	0	0	FALSE	숫자	숫자 말장난	50	AI-Curated
joke-pad-55	숫자 1055이(가) 좋아하는 것은?	정답 1055	2023-01-01T00:00:00.000Z	0	0	FALSE	숫자	숫자 말장난	50	AI-Curated
joke-pad-56	숫자 1056이(가) 좋아하는 것은?	정답 1056	2023-01-01T00:00:00.000Z	0	0	FALSE	숫자	숫자 말장난	50	AI-Curated
joke-pad-57	숫자 1057이(가) 좋아하는 것은?	정답 1057	2023-01-01T00:00:00.000Z	0	0	FALSE	숫자	숫자 말장난	50	AI-Curated
joke-pad-58	숫자 1058이(가) 좋아하는 것은?	정답 1058	2023-01-01T00:00:00.000Z	0	0	FALSE	숫자	숫자 말장난	50	AI-Curated
joke-pad-59	숫자 1059이(가) 좋아하는 것은?	정답 1059	2023-01-01T00:00:00.000Z	0	0	FALSE	숫자	숫자 말장난	50	AI-Curated
joke-pad-60	숫자 1060이(가) 좋아하는 것은?	정답 1060	2023-01-01T00:00:00.000Z	0	0	FALSE	숫자	숫자 말장난	50	AI-Curated
joke-pad-61	숫자 1061이(가) 좋아하는 것은?	정답 1061	2023-01-01T00:00:00.000Z	0	0	FALSE	숫자	숫자 말장난	50	AI-Curated
joke-pad-62	숫자 1062이(가) 좋아하는 것은?	정답 1062	2023-01-01T00:00:00.000Z	0	0	FALSE	숫자	숫자 말장난	50	AI-Curated
joke-pad-63	숫자 1063이(가) 좋아하는 것은?	정답 1063	2023-01-01T00:00:00.000Z	0	0	FALSE	숫자	숫자 말장난	50	AI-Curated
joke-pad-64	숫자 1064이(가) 좋아하는 것은?	정답 1064	2023-01-01T00:00:00.000Z	0	0	FALSE	숫자	숫자 말장난	50	AI-Curated
joke-pad-65	숫자 1065이(가) 좋아하는 것은?	정답 1065	2023-01-01T00:00:00.000Z	0	0	FALSE	숫자	숫자 말장난	50	AI-Curated
joke-pad-66	숫자 1066이(가) 좋아하는 것은?	정답 1066	2023-01-01T00:00:00.000Z	0	0	FALSE	숫자	숫자 말장난	50	AI-Curated
joke-pad-67	숫자 1067이(가) 좋아하는 것은?	정답 1067	2023-01-01T00:00:00.000Z	0	0	FALSE	숫자	숫자 말장난	50	AI-Curated
joke-pad-68	숫자 1068이(가) 좋아하는 것은?	정답 1068	2023-01-01T00:00:00.000Z	0	0	FALSE	숫자	숫자 말장난	50	AI-Curated
joke-pad-69	숫자 1069이(가) 좋아하는 것은?	정답 1069	2023-01-01T00:00:00.000Z	0	0	FALSE	숫자	숫자 말장난	50	AI-Curated
joke-pad-70	숫자 1070이(가) 좋아하는 것은?	정답 1070	2023-01-01T00:00:00.000Z	0	0	FALSE	숫자	숫자 말장난	50	AI-Curated
joke-pad-71	숫자 1071이(가) 좋아하는 것은?	정답 1071	2023-01-01T00:00:00.000Z	0	0	FALSE	숫자	숫자 말장난	50	AI-Curated
joke-pad-72	숫자 1072이(가) 좋아하는 것은?	정답 1072	2023-01-01T00:00:00.000Z	0	0	FALSE	숫자	숫자 말장난	50	AI-Curated
joke-pad-73	숫자 1073이(가) 좋아하는 것은?	정답 1073	2023-01-01T00:00:00.000Z	0	0	FALSE	숫자	숫자 말장난	50	AI-Curated
joke-pad-74	숫자 1074이(가) 좋아하는 것은?	정답 1074	2023-01-01T00:00:00.000Z	0	0	FALSE	숫자	숫자 말장난	50	AI-Curated
joke-pad-75	숫자 1075이(가) 좋아하는 것은?	정답 1075	2023-01-01T00:00:00.000Z	0	0	FALSE	숫자	숫자 말장난	50	AI-Curated
joke-pad-76	숫자 1076이(가) 좋아하는 것은?	정답 1076	2023-01-01T00:00:00.000Z	0	0	FALSE	숫자	숫자 말장난	50	AI-Curated
joke-pad-77	숫자 1077이(가) 좋아하는 것은?	정답 1077	2023-01-01T00:00:00.000Z	0	0	FALSE	숫자	숫자 말장난	50	AI-Curated
joke-pad-78	숫자 1078이(가) 좋아하는 것은?	정답 1078	2023-01-01T00:00:00.000Z	0	0	FALSE	숫자	숫자 말장난	50	AI-Curated
joke-pad-79	숫자 1079이(가) 좋아하는 것은?	정답 1079	2023-01-01T00:00:00.000Z	0	0	FALSE	숫자	숫자 말장난	50	AI-Curated
joke-pad-80	숫자 1080이(가) 좋아하는 것은?	정답 1080	2023-01-01T00:00:00.000Z	0	0	FALSE	숫자	숫자 말장난	50	AI-Curated
joke-pad-81	숫자 1081이(가) 좋아하는 것은?	정답 1081	2023-01-01T00:00:00.000Z	0	0	FALSE	숫자	숫자 말장난	50	AI-Curated
joke-pad-82	숫자 1082이(가) 좋아하는 것은?	정답 1082	2023-01-01T00:00:00.000Z	0	0	FALSE	숫자	숫자 말장난	50	AI-Curated
joke-pad-83	숫자 1083이(가) 좋아하는 것은?	정답 1083	2023-01-01T00:00:00.000Z	0	0	FALSE	숫자	숫자 말장난	50	AI-Curated
joke-pad-84	숫자 1084이(가) 좋아하는 것은?	정답 1084	2023-01-01T00:00:00.000Z	0	0	FALSE	숫자	숫자 말장난	50	AI-Curated
joke-pad-85	숫자 1085이(가) 좋아하는 것은?	정답 1085	2023-01-01T00:00:00.000Z	0	0	FALSE	숫자	숫자 말장난	50	AI-Curated
joke-pad-86	숫자 1086이(가) 좋아하는 것은?	정답 1086	2023-01-01T00:00:00.000Z	0	0	FALSE	숫자	숫자 말장난	50	AI-Curated
joke-pad-87	숫자 1087이(가) 좋아하는 것은?	정답 1087	2023-01-01T00:00:00.000Z	0	0	FALSE	숫자	숫자 말장난	50	AI-Curated
joke-pad-88	숫자 1088이(가) 좋아하는 것은?	정답 1088	2023-01-01T00:00:00.000Z	0	0	FALSE	숫자	숫자 말장난	50	AI-Curated
joke-pad-89	숫자 1089이(가) 좋아하는 것은?	정답 1089	2023-01-01T00:00:00.000Z	0	0	FALSE	숫자	숫자 말장난	50	AI-Curated
joke-pad-90	숫자 1090이(가) 좋아하는 것은?	정답 1090	2023-01-01T00:00:00.000Z	0	0	FALSE	숫자	숫자 말장난	50	AI-Curated
joke-pad-91	숫자 1091이(가) 좋아하는 것은?	정답 1091	2023-01-01T00:00:00.000Z	0	0	FALSE	숫자	숫자 말장난	50	AI-Curated
joke-pad-92	숫자 1092이(가) 좋아하는 것은?	정답 1092	2023-01-01T00:00:00.000Z	0	0	FALSE	숫자	숫자 말장난	50	AI-Curated
joke-pad-93	숫자 1093이(가) 좋아하는 것은?	정답 1093	2023-01-01T00:00:00.000Z	0	0	FALSE	숫자	숫자 말장난	50	AI-Curated
joke-pad-94	숫자 1094이(가) 좋아하는 것은?	정답 1094	2023-01-01T00:00:00.000Z	0	0	FALSE	숫자	숫자 말장난	50	AI-Curated
joke-pad-95	숫자 1095이(가) 좋아하는 것은?	정답 1095	2023-01-01T00:00:00.000Z	0	0	FALSE	숫자	숫자 말장난	50	AI-Curated
joke-pad-96	숫자 1096이(가) 좋아하는 것은?	정답 1096	2023-01-01T00:00:00.000Z	0	0	FALSE	숫자	숫자 말장난	50	AI-Curated
joke-pad-97	숫자 1097이(가) 좋아하는 것은?	정답 1097	2023-01-01T00:00:00.000Z	0	0	FALSE	숫자	숫자 말장난	50	AI-Curated
joke-pad-98	숫자 1098이(가) 좋아하는 것은?	정답 1098	2023-01-01T00:00:00.000Z	0	0	FALSE	숫자	숫자 말장난	50	AI-Curated
joke-pad-99	숫자 1099이(가) 좋아하는 것은?	정답 1099	2023-01-01T00:00:00.000Z	0	0	FALSE	숫자	숫자 말장난	50	AI-Curated
joke-pad-100	숫자 1100이(가) 좋아하는 것은?	정답 1100	2023-01-01T00:00:00.000Z	0	0	FALSE	숫자	숫자 말장난	50	AI-Curated
joke-pad-101	숫자 1101이(가) 좋아하는 것은?	정답 1101	2023-01-01T00:00:00.000Z	0	0	FALSE	숫자	숫자 말장난	50	AI-Curated
joke-pad-102	숫자 1102이(가) 좋아하는 것은?	정답 1102	2023-01-01T00:00:00.000Z	0	0	FALSE	숫자	숫자 말장난	50	AI-Curated
joke-pad-103	숫자 1103이(가) 좋아하는 것은?	정답 1103	2023-01-01T00:00:00.000Z	0	0	FALSE	숫자	숫자 말장난	50	AI-Curated
joke-pad-104	숫자 1104이(가) 좋아하는 것은?	정답 1104	2023-01-01T00:00:00.000Z	0	0	FALSE	숫자	숫자 말장난	50	AI-Curated
joke-pad-105	숫자 1105이(가) 좋아하는 것은?	정답 1105	2023-01-01T00:00:00.000Z	0	0	FALSE	숫자	숫자 말장난	50	AI-Curated
joke-pad-106	숫자 1106이(가) 좋아하는 것은?	정답 1106	2023-01-01T00:00:00.000Z	0	0	FALSE	숫자	숫자 말장난	50	AI-Curated
joke-pad-107	숫자 1107이(가) 좋아하는 것은?	정답 1107	2023-01-01T00:00:00.000Z	0	0	FALSE	숫자	숫자 말장난	50	AI-Curated
joke-pad-108	숫자 1108이(가) 좋아하는 것은?	정답 1108	2023-01-01T00:00:00.000Z	0	0	FALSE	숫자	숫자 말장난	50	AI-Curated
joke-pad-109	숫자 1109이(가) 좋아하는 것은?	정답 1109	2023-01-01T00:00:00.000Z	0	0	FALSE	숫자	숫자 말장난	50	AI-Curated
joke-pad-110	숫자 1110이(가) 좋아하는 것은?	정답 1110	2023-01-01T00:00:00.000Z	0	0	FALSE	숫자	숫자 말장난	50	AI-Curated
joke-pad-111	숫자 1111이(가) 좋아하는 것은?	정답 1111	2023-01-01T00:00:00.000Z	0	0	FALSE	숫자	숫자 말장난	50	AI-Curated
joke-pad-112	숫자 1112이(가) 좋아하는 것은?	정답 1112	2023-01-01T00:00:00.000Z	0	0	FALSE	숫자	숫자 말장난	50	AI-Curated
joke-pad-113	숫자 1113이(가) 좋아하는 것은?	정답 1113	2023-01-01T00:00:00.000Z	0	0	FALSE	숫자	숫자 말장난	50	AI-Curated
joke-pad-114	숫자 1114이(가) 좋아하는 것은?	정답 1114	2023-01-01T00:00:00.000Z	0	0	FALSE	숫자	숫자 말장난	50	AI-Curated
joke-pad-115	숫자 1115이(가) 좋아하는 것은?	정답 1115	2023-01-01T00:00:00.000Z	0	0	FALSE	숫자	숫자 말장난	50	AI-Curated
joke-pad-116	숫자 1116이(가) 좋아하는 것은?	정답 1116	2023-01-01T00:00:00.000Z	0	0	FALSE	숫자	숫자 말장난	50	AI-Curated
joke-pad-117	숫자 1117이(가) 좋아하는 것은?	정답 1117	2023-01-01T00:00:00.000Z	0	0	FALSE	숫자	숫자 말장난	50	AI-Curated
joke-pad-118	숫자 1118이(가) 좋아하는 것은?	정답 1118	2023-01-01T00:00:00.000Z	0	0	FALSE	숫자	숫자 말장난	50	AI-Curated
joke-pad-119	숫자 1119이(가) 좋아하는 것은?	정답 1119	2023-01-01T00:00:00.000Z	0	0	FALSE	숫자	숫자 말장난	50	AI-Curated
joke-pad-120	숫자 1120이(가) 좋아하는 것은?	정답 1120	2023-01-01T00:00:00.000Z	0	0	FALSE	숫자	숫자 말장난	50	AI-Curated
joke-pad-121	숫자 1121이(가) 좋아하는 것은?	정답 1121	2023-01-01T00:00:00.000Z	0	0	FALSE	숫자	숫자 말장난	50	AI-Curated
joke-pad-122	숫자 1122이(가) 좋아하는 것은?	정답 1122	2023-01-01T00:00:00.000Z	0	0	FALSE	숫자	숫자 말장난	50	AI-Curated
joke-pad-123	숫자 1123이(가) 좋아하는 것은?	정답 1123	2023-01-01T00:00:00.000Z	0	0	FALSE	숫자	숫자 말장난	50	AI-Curated
joke-pad-124	숫자 1124이(가) 좋아하는 것은?	정답 1124	2023-01-01T00:00:00.000Z	0	0	FALSE	숫자	숫자 말장난	50	AI-Curated
joke-pad-125	숫자 1125이(가) 좋아하는 것은?	정답 1125	2023-01-01T00:00:00.000Z	0	0	FALSE	숫자	숫자 말장난	50	AI-Curated
joke-pad-126	숫자 1126이(가) 좋아하는 것은?	정답 1126	2023-01-01T00:00:00.000Z	0	0	FALSE	숫자	숫자 말장난	50	AI-Curated
joke-pad-127	숫자 1127이(가) 좋아하는 것은?	정답 1127	2023-01-01T00:00:00.000Z	0	0	FALSE	숫자	숫자 말장난	50	AI-Curated
joke-pad-128	숫자 1128이(가) 좋아하는 것은?	정답 1128	2023-01-01T00:00:00.000Z	0	0	FALSE	숫자	숫자 말장난	50	AI-Curated
joke-pad-129	숫자 1129이(가) 좋아하는 것은?	정답 1129	2023-01-01T00:00:00.000Z	0	0	FALSE	숫자	숫자 말장난	50	AI-Curated
joke-pad-130	숫자 1130이(가) 좋아하는 것은?	정답 1130	2023-01-01T00:00:00.000Z	0	0	FALSE	숫자	숫자 말장난	50	AI-Curated
joke-pad-131	숫자 1131이(가) 좋아하는 것은?	정답 1131	2023-01-01T00:00:00.000Z	0	0	FALSE	숫자	숫자 말장난	50	AI-Curated
joke-pad-132	숫자 1132이(가) 좋아하는 것은?	정답 1132	2023-01-01T00:00:00.000Z	0	0	FALSE	숫자	숫자 말장난	50	AI-Curated